[
    {
        "id": 1388534400000,
        "author": "Pete Hunt",
        "text": "Hey there!"
    },
    {
        "id": 1420070400000,
        "author": "Paul O’Shannessy",
        "text": "React is *great*!"
    },
    {
        "id": 1474381585177,
        "author": "wet",
        "text": "wdasdfasdfer"
    },
    {
        "id": 1474400730389,
        "author": "sdfg",
        "text": "sdfg"
    },
    {
        "id": 1474400733612,
        "author": "dsds",
        "text": "weew"
    },
    {
        "id": 1474400932085,
        "author": "sdfg",
        "text": "sdfg"
    },
    {
        "id": 1474400946468,
        "author": "Di",
        "text": "ni ma de"
    },
    {
        "id": 1474402219631,
        "author": "555",
        "text": "44"
    },
    {
        "id": 1474402238550,
        "author": "444",
        "text": "5545655"
    }
]